United States,89123,Arabic
United States,06511,Arabic
United States,30214,Indonesian
United States,11102,Chinese
United States,60015,Chinese
United States,75232,Turkish
United States,80304,Punjabi
United States,80020,Arabic
United States,34108,Persian
United States,18080,Korean
United States,94306,Urdu
United States,20878,Hindi
United States,96822,Korean
United States,94116,Chinese
United States,47401,Hindi
United States,15213,Chinese
United States,55414,Chinese
United States,72034,Chinese
United States,21128,Punjabi
United States,22101,Chinese
United States,91911,Arabic
United States,20171,Indonesian
United States,95111,Korean
United States,54880,Chinese
United States,32561,Chinese
United States,30324,Arabic
United States,11373,Japanese
United States,83714,Indonesian
United States,46033,Turkish
United States,97140,Japanese
United States,43015,Indonesian
United States,47403,Hindi
United States,89052,Turkish
United States,28209,Chinese
United States,31401,Bangla
United States,17404,Arabic
United States,07960,Russian
United States,49423,Arabic
United States,98030,Turkish
United States,20772,Chinese
United States,28115,Hindi
United States,22181,Arabic
United States,92835,Arabic
United States,60564,Turkish
United States,07834,Hindi
United States,12203,Turkish
United States,28715,Korean
United States,03057,Urdu
United States,98112,Urdu
United States,21093,Russian
United States,21804,Hindi
United States,91311,Turkish
United States,45458,Chinese
United States,92071,Arabic
United States,22209,Persian
United States,32937,Turkish
United States,11221,Turkish
United States,65101,Arabic
United States,02144,Arabic
United States,11222,Arabic
United States,92092,Chinese
United States,46936,Punjabi
United States,10014,Indonesian
United States,37027,Chinese
United States,85226,Azerbaijani
United States,48104,Chinese
United States,30281,Chinese
United States,03865,Chinese
United States,47408,Bangla
United States,77479,Arabic
United States,34234,Russian
United States,90011,Russian
United States,03820,Russian
United States,30349,Arabic
United States,27410,Urdu
United States,08540,Azerbaijani
United States,10004,Chinese
United States,23236,Arabic
United States,47401,Russian
United States,46224,Turkish
United States,75044,Arabic
United States,70005,Russian
United States,30047,Persian
United States,87507,Arabic
United States,05401,Arabic
United States,20895,Arabic
United States,02451,Chinese
United States,52240,Chinese
United States,54601,Chinese
United States,98119,Persian
United States,21716,Hindi
United States,33418,Turkish
United States,95682,Chinese
United States,21111,Chinese
United States,98026,Arabic
United States,47401,Bangla
United States,66049,Russian
United States,80015,Chinese
United States,90043,Chinese
United States,20176,Urdu
United States,30308,Hindi
United States,40242,Chinese
United States,01982,Urdu
United States,46259,Japanese
United States,03247-6111,Arabic
United States,84601,Korean
United States,21218,Hindi
United States,98070,Punjabi
United States,22202,Persian
United States,49053,Arabic
United States,44501,Turkish
United States,67114,Arabic
United States,60093,Chinese
United States,13126,Arabic
United States,98166,Chinese
United States,20016,Punjabi
United States,52245,Chinese
United States,90063,Russian
United States,37865,Korean
United States,75044,Chinese
United States,59901,Hindi
United States,07079,Persian
United States,93940,Chinese
United States,68114,Korean
United States,55130,Chinese
United States,60659,Chinese
United States,94122,Chinese
United States,13323,Arabic
United States,84606,Arabic
United States,77069,Arabic
United States,44102,Japanese
United States,53211,Indonesian
United States,21157,Chinese
United States,30518,Russian
United States,50635,Turkish
United States,22802,Russian
United States,27587,Indonesian
United States,44124,Chinese
United States,99645,Russian
United States,11756,Arabic
United States,01940,Arabic
United States,40208,Russian
United States,98155,Arabic
United States,02134,Russian
United States,92617,Hindi
United States,37922,Chinese
United States,30033,Turkish
United States,94539,Arabic
United States,30317,Urdu
United States,07930,Chinese
United States,21212,Urdu
United States,42104,Chinese
United States,90027,Russian
United States,97392,Turkish
United States,65201,Arabic
United States,405173902,Japanese
United States,07840,Hindi
United States,48651,Azerbaijani
United States,34205,Turkish
United States,32940,Arabic
United States,78721,Arabic
United States,08901,Chinese
United States,20016,Russian
United States,72032,Korean
United States,33025,Korean
United States,78723,Arabic
United States,12208,Arabic
United States,13210,Arabic
United States,32714,Russian
United States,94303,Arabic
United States,11365,Punjabi
United States,21114,Urdu
United States,04609,Arabic
United States,22153,Russian
United States,15106,Japanese
United States,60131,Arabic
United States,21043,Persian
United States,02818,Arabic
United States,37179,Chinese
United States,53703,Urdu
United States,65201,Arabic
United States,15217,Turkish
United States,20866,Korean
United States,60640,Arabic
United States,94107,Japanese
United States,94523,Chinese
United States,43204,Russian
United States,25405,Chinese
United States,33179,Arabic
United States,21146,Chinese
United States,15215,Chinese
United States,56044,Bangla
United States,49770,Chinese
United States,52240,Arabic
United States,75040,Arabic
United States,08820,Japanese
United States,42718,Chinese
United States,13323,Chinese
United States,08330,Indonesian
United States,92037,Chinese
United States,20815,Chinese
United States,20009,Arabic
United States,55105,Chinese
United States,83644,Arabic
United States,13088,Chinese
United States,80305,Chinese
United States,07003,
United States,70047,Arabic
United States,53715,Hindi
United States,06460,Chinese
United States,20109,Arabic
United States,02138,Japanese
United States,47401,Arabic
United States,94132,Persian
United States,37042,Russian
United States,47408,Persian
United States,80302,Hindi
United States,66606,Hindi
United States,06511,Arabic
United States,23238,Arabic
United States,43465,Arabic
United States,76133,Urdu
United States,48462,Arabic
United States,78702,Chinese
United States,14830,Chinese
United States,30005,Turkish
United States,97330,Indonesian
United States,78009,Chinese
United States,10025,Arabic
United States,44718,Arabic
United States,06405,Chinese
United States,85748,Arabic
United States,03824,Urdu
United States,00924,Korean
United States,30307,Indonesian
United States,61802,Chinese
United States,19123,Chinese
United States,15213,Chinese
United States,15003,Chinese
United States,EH10 4JS,Russian
United States,90077,Chinese
United States,77030,Indonesian
United States,95762,Indonesian
United States,95446,Turkish
United States,95014,Korean
United States,06520-9542,Arabic
United States,77007,Hindi
United States,72326,Chinese
United States,32825,Persian
United States,21217,Arabic
United States,55057,Indonesian
United States,73072,Turkish
United States,46077,Chinese
United States,20120,Arabic
United States,86334,Arabic
United States,78258,Arabic
United States,13365,Chinese
United States,49419,Bangla
United States,66025,Japanese
United States,55082,Turkish
United States,27517,Turkish
United States,06520,Turkish
United States,20171,Japanese
United States,22030,Korean
United States,76049,Arabic
United States,46038,Turkish
United States,35967,Japanese
United States,95258,Arabic
United States,90066,Bangla
United States,58078,Chinese
United States,59801,Arabic
United States,53140,Chinese
United States,22314,Punjabi
United States,90041,Arabic
United States,53208,Arabic
United States,11215,Indonesian
United States,60615,Arabic
United States,98502,Chinese
United States,98105,Bangla
United States,32837,Chinese
United States,33617,Korean
United States,43220,Arabic
United States,20886,Azerbaijani
United States,80027,Arabic
United States,02131,Korean
United States,21043,Urdu
United States,60201,Turkish
United States,20190,Japanese
United States,52245,Korean
United States,27510,Chinese
United States,14618,Turkish
United States,24060,Urdu
United States,41048,Arabic
United States,48105,Arabic
United States,97211,Russian
United States,89147,Arabic
United States,21029,Persian
United States,44676,Bangla
United States,55987,Hindi
United States,01742,Arabic
United States,60540,Arabic
United States,08816,Arabic
United States,11205,Urdu
United States,66048,Chinese
United States,95111,Chinese
United States,33330,Urdu
United States,18458,Hindi
United States,32257,Hindi
United States,02184,Turkish
United States,93950,Arabic
United States,15229,Chinese
United States,98250,Chinese
United States,50010,Arabic
United States,35209,Persian
United States,10467,Arabic
United States,95835,Urdu
United States,93940,Chinese
United States,96744,Indonesian
United States,60601,Russian
United States,63021,Arabic
United States,13902,Arabic
United States,64132,Indonesian
United States,11210,Bangla
United States,92119,Urdu
United States,16801,Korean
United States,60615,Persian
United States,99208,Chinese
United States,27298,Russian
United States,15535,Indonesian
United States,54824,Turkish
United States,27292,Arabic
United States,45701,Indonesian
United States,14221,Urdu
United States,88310,Chinese
United States,11214,Arabic
United States,80112,Chinese
United States,70068,Korean
United States,20007,Urdu
United States,02865,Urdu
United States,92505,Indonesian
United States,49507,Arabic
United States,30062,Persian
United States,97060,Russian
United States,20017,Russian
United States,52627,Arabic
United States,97123,Turkish
United States,30047,Persian
United States,96204,Chinese
United States,28107,Arabic
United States,92501,Arabic
United States,26180,Arabic
United States,02138,Persian
United States,95111,Russian
United States,65714,Russian
United States,92804,Chinese
United States,33157,Russian
United States,20170,Arabic
United States,46723,Turkish
United States,53154,Turkish
United States,14450,Korean
United States,98117-5007,Persian
United States,23692,Japanese
United States,48188,Arabic
United States,68130,Russian
United States,73110,Chinese
United States,60565,Persian
United States,19072,Arabic
United States,13905,Punjabi
United States,78749,Russian
United States,87112,Bangla
United States,30022,Chinese
United States,47724,Arabic
United States,55406,Arabic
United States,75248,Turkish
United States,98908,Chinese
United States,76247,Hindi
United States,07047,Japanese
United States,19460,Hindi
United States,07055,Hindi
United States,52240,Russian
United States,43223,Japanese
United States,27103,Persian
United States,75033,Chinese
United States,37919,Arabic
United States,31548,Chinese
United States,76248,Russian
United States,97219,Russian
United States,19382,Hindi
United States,33610,Arabic
United States,46060,Chinese
United States,81625,Persian
United States,37027,Hindi
United States,44512,Urdu
United States,76092,Chinese
United States,55057,Arabic
United States,02155,Russian
United States,38139,Urdu
United States,98118,Turkish
United States,83864-4953,Indonesian
United States,70068,Arabic
United States,11101,Hindi
United States,59102,Chinese
United States,08550,Bangla
United States,35603,Indonesian
United States,90028,Arabic
United States,19702,Arabic
United States,95124,Hindi
United States,60169,Arabic
United States,20016,Arabic
United States,01950,Korean
United States,63112,Persian
United States,60637,Urdu
United States,71106,Turkish
United States,10506,Hindi
United States,60638,Russian
United States,94960,Persian
United States,37931,Arabic
United States,28270,Bangla
United States,78705,Russian
United States,70121,Arabic
United States,96826,Persian
United States,11229,Arabic
United States,46901,Arabic
United States,64068,Japanese
United States,94704,Arabic
United States,66044,Japanese
United States,94706,Chinese
United States,43201,Arabic
United States,80219,Hindi
United States,19104,Persian
United States,95062,Hindi
United States,32303,Arabic
United States,94550,Russian
United States,41017,Russian
United States,52240,Chinese
United States,43023,Urdu
United States,20008,Chinese
United States,94611,Persian
United States,21093,Arabic
United States,06518,Chinese
United States,98040,Arabic
United States,02912,Russian
United States,60532,Hindi
United States,20171,Persian
United States,77494,Chinese
United States,30071,Azerbaijani
United States,60440,Russian
United States,77706,Arabic
United States,21663,Arabic
United States,98105,Turkish
United States,01945,Chinese
United States,60126,Urdu
United States,94005,Turkish
United States,35242,Korean
United States,53933,Chinese
United States,68767,Russian
United States,94402,Russian
United States,08034,Persian
United States,33029,Arabic
United States,78006,Russian
United States,80547,Japanese
United States,28704,Korean
United States,15217,Turkish
United States,95628,Korean
United States,03077,Chinese
United States,23693,Chinese
United States,08901,Chinese
United States,27514,Japanese
United States,94952,Indonesian
United States,43209,Russian
United States,73132,Chinese
United States,55060,Arabic
United States,27513,Russian
United States,98346,Chinese
United States,58054,Japanese
United States,21239,Urdu
United States,87112,Turkish
United States,28401,Urdu
United States,60623,Chinese
United States,19104,Chinese
United States,06517,Chinese
United States,95131,Indonesian
United States,37118,Chinese
United States,14850,Indonesian
United States,92648,Chinese
United States,43558,Japanese
United States,77071,Chinese
United States,78732,Russian
United States,20853,Indonesian
United States,02421,Chinese
United States,70002,Arabic
United States,92037,Arabic
United States,34986,Arabic
United States,02493,Japanese
United States,41091,Chinese
United States,21044,Arabic
United States,11753-1154,Chinese
United States,75229,Hindi
United States,22314,Urdu
United States,20904,Punjabi
United States,32835,Chinese
United States,85749,Russian
United States,07073,Arabic
United States,22039,Punjabi
United States,44256,Chinese
United States,20816,Arabic
United States,14057,Arabic
United States,55105,Arabic
United States,77004,Korean
United States,44320,Persian
United States,20057,Persian
United States,22003,Arabic
United States,85048,Hindi
United States,49546,Chinese
United States,97223,Arabic
United States,60523,Punjabi
United States,02138,Persian
United States,29609,Russian
United States,63112,Persian
United States,19090,Persian
United States,40513,Korean
United States,44138,Chinese
United States,06268,Arabic
United States,22030,Chinese
United States,20852,Chinese
United States,49419,Korean
United States,95829,Japanese
United States,82633,Turkish
United States,32940,Japanese
United States,02474,Punjabi
United States,91335,Turkish
United States,34212,Chinese
United States,91380,Japanese
United States,29075,Persian
United States,11237,Arabic
